,Region,Target,Strategy,Model,Model Details,Features Used,Features Abbreviated,MSE,RMSE,MAE,RÂ²,MAPE,WAPE
0,Asia & Oceania,Residential EUI (kWh/m2/year),within_domain,RandomForestRegressor,"n_estimators=10, max_depth=10, min_samples_split=2, min_samples_leaf=3, max_features=sqrt, bootstrap=False, random_state=42, n_jobs=-1, criterion=absolute_error","hdd_total_year, cdd_total_year, GDP_per_capita, Urbanization_Rate_2022, latitude, longitude, Paris_Agreement, Subnational HDI, Educational index, Income index, 2m_temperature_2023_avg, 2m_dewpoint_temperature_2023_avg, total_precipitation_2023, population_density, pca_result, Cluster_1, Cluster_2, Cluster_3, Cluster_4, Cluster_5, Cluster_6, Cluster_7, Cluster_8, Cluster_9, Cluster_10, Cluster_11, Cluster_12, Cluster_13, Cluster_14, Cluster_15, Cluster_16, Cluster_17, Cluster_18, Cluster_19",HDD | CDD | GDP | URB | Lat | Long | Paris | HDI | EDU | Income | Temp | Dew | Precip | Pop_Dens | PCA | C1 | C2 | C3 | C4 | C5 | C6 | C7 | C8 | C9 | C10 | C11 | C12 | C13 | C14 | C15 | C16 | C17 | C18 | C19,765.719,27.672,19.748,0.646,23.8,22.5
1,Asia & Oceania,Non-residential EUI (kWh/m2/year),within_domain,RandomForestRegressor,"n_estimators=10, max_depth=10, min_samples_split=2, min_samples_leaf=3, max_features=sqrt, bootstrap=False, random_state=42, n_jobs=-1, criterion=absolute_error","hdd_total_year, cdd_total_year, GDP_per_capita, Urbanization_Rate_2022, latitude, longitude, Paris_Agreement, Subnational HDI, Educational index, Income index, 2m_temperature_2023_avg, 2m_dewpoint_temperature_2023_avg, total_precipitation_2023, population_density, pca_result, Cluster_1, Cluster_2, Cluster_3, Cluster_4, Cluster_5, Cluster_6, Cluster_7, Cluster_8, Cluster_9, Cluster_10, Cluster_11, Cluster_12, Cluster_13, Cluster_14, Cluster_15, Cluster_16, Cluster_17, Cluster_18, Cluster_19",HDD | CDD | GDP | URB | Lat | Long | Paris | HDI | EDU | Income | Temp | Dew | Precip | Pop_Dens | PCA | C1 | C2 | C3 | C4 | C5 | C6 | C7 | C8 | C9 | C10 | C11 | C12 | C13 | C14 | C15 | C16 | C17 | C18 | C19,141.002,11.874,7.726,0.899,5.2,5.7
2,Europe,Residential EUI (kWh/m2/year),within_domain,RandomForestRegressor,"n_estimators=10, max_depth=10, min_samples_split=2, min_samples_leaf=3, max_features=sqrt, bootstrap=False, random_state=42, n_jobs=-1, criterion=absolute_error","hdd_total_year, cdd_total_year, GDP_per_capita, Urbanization_Rate_2022, latitude, longitude, Paris_Agreement, Subnational HDI, Educational index, Income index, 2m_temperature_2023_avg, 2m_dewpoint_temperature_2023_avg, total_precipitation_2023, population_density, pca_result, Cluster_1, Cluster_2, Cluster_3, Cluster_4, Cluster_5, Cluster_6, Cluster_7, Cluster_8, Cluster_9, Cluster_10, Cluster_11, Cluster_12, Cluster_13, Cluster_14, Cluster_15, Cluster_16, Cluster_17, Cluster_18, Cluster_19",HDD | CDD | GDP | URB | Lat | Long | Paris | HDI | EDU | Income | Temp | Dew | Precip | Pop_Dens | PCA | C1 | C2 | C3 | C4 | C5 | C6 | C7 | C8 | C9 | C10 | C11 | C12 | C13 | C14 | C15 | C16 | C17 | C18 | C19,3230.848,56.841,40.987,-0.03,26.3,21.2
3,Europe,Non-residential EUI (kWh/m2/year),within_domain,RandomForestRegressor,"n_estimators=10, max_depth=10, min_samples_split=2, min_samples_leaf=3, max_features=sqrt, bootstrap=False, random_state=42, n_jobs=-1, criterion=absolute_error","hdd_total_year, cdd_total_year, GDP_per_capita, Urbanization_Rate_2022, latitude, longitude, Paris_Agreement, Subnational HDI, Educational index, Income index, 2m_temperature_2023_avg, 2m_dewpoint_temperature_2023_avg, total_precipitation_2023, population_density, pca_result, Cluster_1, Cluster_2, Cluster_3, Cluster_4, Cluster_5, Cluster_6, Cluster_7, Cluster_8, Cluster_9, Cluster_10, Cluster_11, Cluster_12, Cluster_13, Cluster_14, Cluster_15, Cluster_16, Cluster_17, Cluster_18, Cluster_19",HDD | CDD | GDP | URB | Lat | Long | Paris | HDI | EDU | Income | Temp | Dew | Precip | Pop_Dens | PCA | C1 | C2 | C3 | C4 | C5 | C6 | C7 | C8 | C9 | C10 | C11 | C12 | C13 | C14 | C15 | C16 | C17 | C18 | C19,4224.503,64.996,42.7,0.027,21.3,18.1
4,Africa,Residential EUI (kWh/m2/year),within_domain,RandomForestRegressor,"n_estimators=10, max_depth=10, min_samples_split=2, min_samples_leaf=3, max_features=sqrt, bootstrap=False, random_state=42, n_jobs=-1, criterion=absolute_error","hdd_total_year, cdd_total_year, GDP_per_capita, Urbanization_Rate_2022, latitude, longitude, Paris_Agreement, Subnational HDI, Educational index, Income index, 2m_temperature_2023_avg, 2m_dewpoint_temperature_2023_avg, total_precipitation_2023, population_density, pca_result, Cluster_1, Cluster_2, Cluster_3, Cluster_4, Cluster_5, Cluster_6, Cluster_7, Cluster_8, Cluster_9, Cluster_10, Cluster_11, Cluster_12, Cluster_13, Cluster_14, Cluster_15, Cluster_16, Cluster_17, Cluster_18, Cluster_19",HDD | CDD | GDP | URB | Lat | Long | Paris | HDI | EDU | Income | Temp | Dew | Precip | Pop_Dens | PCA | C1 | C2 | C3 | C4 | C5 | C6 | C7 | C8 | C9 | C10 | C11 | C12 | C13 | C14 | C15 | C16 | C17 | C18 | C19,124.658,11.165,6.684,0.244,8.0,9.0
5,Africa,Non-residential EUI (kWh/m2/year),within_domain,RandomForestRegressor,"n_estimators=10, max_depth=10, min_samples_split=2, min_samples_leaf=3, max_features=sqrt, bootstrap=False, random_state=42, n_jobs=-1, criterion=absolute_error","hdd_total_year, cdd_total_year, GDP_per_capita, Urbanization_Rate_2022, latitude, longitude, Paris_Agreement, Subnational HDI, Educational index, Income index, 2m_temperature_2023_avg, 2m_dewpoint_temperature_2023_avg, total_precipitation_2023, population_density, pca_result, Cluster_1, Cluster_2, Cluster_3, Cluster_4, Cluster_5, Cluster_6, Cluster_7, Cluster_8, Cluster_9, Cluster_10, Cluster_11, Cluster_12, Cluster_13, Cluster_14, Cluster_15, Cluster_16, Cluster_17, Cluster_18, Cluster_19",HDD | CDD | GDP | URB | Lat | Long | Paris | HDI | EDU | Income | Temp | Dew | Precip | Pop_Dens | PCA | C1 | C2 | C3 | C4 | C5 | C6 | C7 | C8 | C9 | C10 | C11 | C12 | C13 | C14 | C15 | C16 | C17 | C18 | C19,161.408,12.705,4.492,-0.026,8.0,4.3
6,Central and South America,Residential EUI (kWh/m2/year),within_domain,RandomForestRegressor,"n_estimators=10, max_depth=10, min_samples_split=2, min_samples_leaf=3, max_features=sqrt, bootstrap=False, random_state=42, n_jobs=-1, criterion=absolute_error","hdd_total_year, cdd_total_year, GDP_per_capita, Urbanization_Rate_2022, latitude, longitude, Paris_Agreement, Subnational HDI, Educational index, Income index, 2m_temperature_2023_avg, 2m_dewpoint_temperature_2023_avg, total_precipitation_2023, population_density, pca_result, Cluster_1, Cluster_2, Cluster_3, Cluster_4, Cluster_5, Cluster_6, Cluster_7, Cluster_8, Cluster_9, Cluster_10, Cluster_11, Cluster_12, Cluster_13, Cluster_14, Cluster_15, Cluster_16, Cluster_17, Cluster_18, Cluster_19",HDD | CDD | GDP | URB | Lat | Long | Paris | HDI | EDU | Income | Temp | Dew | Precip | Pop_Dens | PCA | C1 | C2 | C3 | C4 | C5 | C6 | C7 | C8 | C9 | C10 | C11 | C12 | C13 | C14 | C15 | C16 | C17 | C18 | C19,31.589,5.62,4.131,0.7,5.2,5.5
7,Central and South America,Non-residential EUI (kWh/m2/year),within_domain,RandomForestRegressor,"n_estimators=10, max_depth=10, min_samples_split=2, min_samples_leaf=3, max_features=sqrt, bootstrap=False, random_state=42, n_jobs=-1, criterion=absolute_error","hdd_total_year, cdd_total_year, GDP_per_capita, Urbanization_Rate_2022, latitude, longitude, Paris_Agreement, Subnational HDI, Educational index, Income index, 2m_temperature_2023_avg, 2m_dewpoint_temperature_2023_avg, total_precipitation_2023, population_density, pca_result, Cluster_1, Cluster_2, Cluster_3, Cluster_4, Cluster_5, Cluster_6, Cluster_7, Cluster_8, Cluster_9, Cluster_10, Cluster_11, Cluster_12, Cluster_13, Cluster_14, Cluster_15, Cluster_16, Cluster_17, Cluster_18, Cluster_19",HDD | CDD | GDP | URB | Lat | Long | Paris | HDI | EDU | Income | Temp | Dew | Precip | Pop_Dens | PCA | C1 | C2 | C3 | C4 | C5 | C6 | C7 | C8 | C9 | C10 | C11 | C12 | C13 | C14 | C15 | C16 | C17 | C18 | C19,39.444,6.28,4.637,0.083,4.5,4.4
8,Northern America,Residential EUI (kWh/m2/year),within_domain,RandomForestRegressor,"n_estimators=10, max_depth=10, min_samples_split=2, min_samples_leaf=3, max_features=sqrt, bootstrap=False, random_state=42, n_jobs=-1, criterion=absolute_error","hdd_total_year, cdd_total_year, GDP_per_capita, Urbanization_Rate_2022, latitude, longitude, Paris_Agreement, Subnational HDI, Educational index, Income index, 2m_temperature_2023_avg, 2m_dewpoint_temperature_2023_avg, total_precipitation_2023, population_density, pca_result, Cluster_1, Cluster_2, Cluster_3, Cluster_4, Cluster_5, Cluster_6, Cluster_7, Cluster_8, Cluster_9, Cluster_10, Cluster_11, Cluster_12, Cluster_13, Cluster_14, Cluster_15, Cluster_16, Cluster_17, Cluster_18, Cluster_19",HDD | CDD | GDP | URB | Lat | Long | Paris | HDI | EDU | Income | Temp | Dew | Precip | Pop_Dens | PCA | C1 | C2 | C3 | C4 | C5 | C6 | C7 | C8 | C9 | C10 | C11 | C12 | C13 | C14 | C15 | C16 | C17 | C18 | C19,1023.09,31.986,24.521,0.327,12.9,14.5
9,Northern America,Non-residential EUI (kWh/m2/year),within_domain,RandomForestRegressor,"n_estimators=10, max_depth=10, min_samples_split=2, min_samples_leaf=3, max_features=sqrt, bootstrap=False, random_state=42, n_jobs=-1, criterion=absolute_error","hdd_total_year, cdd_total_year, GDP_per_capita, Urbanization_Rate_2022, latitude, longitude, Paris_Agreement, Subnational HDI, Educational index, Income index, 2m_temperature_2023_avg, 2m_dewpoint_temperature_2023_avg, total_precipitation_2023, population_density, pca_result, Cluster_1, Cluster_2, Cluster_3, Cluster_4, Cluster_5, Cluster_6, Cluster_7, Cluster_8, Cluster_9, Cluster_10, Cluster_11, Cluster_12, Cluster_13, Cluster_14, Cluster_15, Cluster_16, Cluster_17, Cluster_18, Cluster_19",HDD | CDD | GDP | URB | Lat | Long | Paris | HDI | EDU | Income | Temp | Dew | Precip | Pop_Dens | PCA | C1 | C2 | C3 | C4 | C5 | C6 | C7 | C8 | C9 | C10 | C11 | C12 | C13 | C14 | C15 | C16 | C17 | C18 | C19,3491.712,59.091,40.143,-0.837,12.8,14.8
10,Asia & Oceania,Residential EUI (kWh/m2/year),cross_domain,RandomForestRegressor,"n_estimators=10, max_depth=10, min_samples_split=2, min_samples_leaf=3, max_features=sqrt, bootstrap=False, random_state=42, n_jobs=-1, criterion=absolute_error","hdd_total_year, cdd_total_year, GDP_per_capita, Urbanization_Rate_2022, latitude, longitude, Paris_Agreement, Subnational HDI, Educational index, Income index, 2m_temperature_2023_avg, 2m_dewpoint_temperature_2023_avg, total_precipitation_2023, population_density, pca_result, Cluster_1, Cluster_2, Cluster_3, Cluster_4, Cluster_5, Cluster_6, Cluster_7, Cluster_8, Cluster_9, Cluster_10, Cluster_11, Cluster_12, Cluster_13, Cluster_14, Cluster_15, Cluster_16, Cluster_17, Cluster_18, Cluster_19",HDD | CDD | GDP | URB | Lat | Long | Paris | HDI | EDU | Income | Temp | Dew | Precip | Pop_Dens | PCA | C1 | C2 | C3 | C4 | C5 | C6 | C7 | C8 | C9 | C10 | C11 | C12 | C13 | C14 | C15 | C16 | C17 | C18 | C19,1322.599,36.368,27.66,0.389,38.7,31.5
11,Asia & Oceania,Non-residential EUI (kWh/m2/year),cross_domain,RandomForestRegressor,"n_estimators=10, max_depth=10, min_samples_split=2, min_samples_leaf=3, max_features=sqrt, bootstrap=False, random_state=42, n_jobs=-1, criterion=absolute_error","hdd_total_year, cdd_total_year, GDP_per_capita, Urbanization_Rate_2022, latitude, longitude, Paris_Agreement, Subnational HDI, Educational index, Income index, 2m_temperature_2023_avg, 2m_dewpoint_temperature_2023_avg, total_precipitation_2023, population_density, pca_result, Cluster_1, Cluster_2, Cluster_3, Cluster_4, Cluster_5, Cluster_6, Cluster_7, Cluster_8, Cluster_9, Cluster_10, Cluster_11, Cluster_12, Cluster_13, Cluster_14, Cluster_15, Cluster_16, Cluster_17, Cluster_18, Cluster_19",HDD | CDD | GDP | URB | Lat | Long | Paris | HDI | EDU | Income | Temp | Dew | Precip | Pop_Dens | PCA | C1 | C2 | C3 | C4 | C5 | C6 | C7 | C8 | C9 | C10 | C11 | C12 | C13 | C14 | C15 | C16 | C17 | C18 | C19,746.009,27.313,20.01,0.464,13.8,14.7
12,Europe,Residential EUI (kWh/m2/year),cross_domain,RandomForestRegressor,"n_estimators=10, max_depth=10, min_samples_split=2, min_samples_leaf=3, max_features=sqrt, bootstrap=False, random_state=42, n_jobs=-1, criterion=absolute_error","hdd_total_year, cdd_total_year, GDP_per_capita, Urbanization_Rate_2022, latitude, longitude, Paris_Agreement, Subnational HDI, Educational index, Income index, 2m_temperature_2023_avg, 2m_dewpoint_temperature_2023_avg, total_precipitation_2023, population_density, pca_result, Cluster_1, Cluster_2, Cluster_3, Cluster_4, Cluster_5, Cluster_6, Cluster_7, Cluster_8, Cluster_9, Cluster_10, Cluster_11, Cluster_12, Cluster_13, Cluster_14, Cluster_15, Cluster_16, Cluster_17, Cluster_18, Cluster_19",HDD | CDD | GDP | URB | Lat | Long | Paris | HDI | EDU | Income | Temp | Dew | Precip | Pop_Dens | PCA | C1 | C2 | C3 | C4 | C5 | C6 | C7 | C8 | C9 | C10 | C11 | C12 | C13 | C14 | C15 | C16 | C17 | C18 | C19,4018.337,63.39,55.727,-0.28,30.5,28.8
13,Europe,Non-residential EUI (kWh/m2/year),cross_domain,RandomForestRegressor,"n_estimators=10, max_depth=10, min_samples_split=2, min_samples_leaf=3, max_features=sqrt, bootstrap=False, random_state=42, n_jobs=-1, criterion=absolute_error","hdd_total_year, cdd_total_year, GDP_per_capita, Urbanization_Rate_2022, latitude, longitude, Paris_Agreement, Subnational HDI, Educational index, Income index, 2m_temperature_2023_avg, 2m_dewpoint_temperature_2023_avg, total_precipitation_2023, population_density, pca_result, Cluster_1, Cluster_2, Cluster_3, Cluster_4, Cluster_5, Cluster_6, Cluster_7, Cluster_8, Cluster_9, Cluster_10, Cluster_11, Cluster_12, Cluster_13, Cluster_14, Cluster_15, Cluster_16, Cluster_17, Cluster_18, Cluster_19",HDD | CDD | GDP | URB | Lat | Long | Paris | HDI | EDU | Income | Temp | Dew | Precip | Pop_Dens | PCA | C1 | C2 | C3 | C4 | C5 | C6 | C7 | C8 | C9 | C10 | C11 | C12 | C13 | C14 | C15 | C16 | C17 | C18 | C19,6484.895,80.529,58.711,-0.493,23.3,24.9
14,Africa,Residential EUI (kWh/m2/year),cross_domain,RandomForestRegressor,"n_estimators=10, max_depth=10, min_samples_split=2, min_samples_leaf=3, max_features=sqrt, bootstrap=False, random_state=42, n_jobs=-1, criterion=absolute_error","hdd_total_year, cdd_total_year, GDP_per_capita, Urbanization_Rate_2022, latitude, longitude, Paris_Agreement, Subnational HDI, Educational index, Income index, 2m_temperature_2023_avg, 2m_dewpoint_temperature_2023_avg, total_precipitation_2023, population_density, pca_result, Cluster_1, Cluster_2, Cluster_3, Cluster_4, Cluster_5, Cluster_6, Cluster_7, Cluster_8, Cluster_9, Cluster_10, Cluster_11, Cluster_12, Cluster_13, Cluster_14, Cluster_15, Cluster_16, Cluster_17, Cluster_18, Cluster_19",HDD | CDD | GDP | URB | Lat | Long | Paris | HDI | EDU | Income | Temp | Dew | Precip | Pop_Dens | PCA | C1 | C2 | C3 | C4 | C5 | C6 | C7 | C8 | C9 | C10 | C11 | C12 | C13 | C14 | C15 | C16 | C17 | C18 | C19,339.157,18.416,14.018,-1.057,19.5,18.9
15,Africa,Non-residential EUI (kWh/m2/year),cross_domain,RandomForestRegressor,"n_estimators=10, max_depth=10, min_samples_split=2, min_samples_leaf=3, max_features=sqrt, bootstrap=False, random_state=42, n_jobs=-1, criterion=absolute_error","hdd_total_year, cdd_total_year, GDP_per_capita, Urbanization_Rate_2022, latitude, longitude, Paris_Agreement, Subnational HDI, Educational index, Income index, 2m_temperature_2023_avg, 2m_dewpoint_temperature_2023_avg, total_precipitation_2023, population_density, pca_result, Cluster_1, Cluster_2, Cluster_3, Cluster_4, Cluster_5, Cluster_6, Cluster_7, Cluster_8, Cluster_9, Cluster_10, Cluster_11, Cluster_12, Cluster_13, Cluster_14, Cluster_15, Cluster_16, Cluster_17, Cluster_18, Cluster_19",HDD | CDD | GDP | URB | Lat | Long | Paris | HDI | EDU | Income | Temp | Dew | Precip | Pop_Dens | PCA | C1 | C2 | C3 | C4 | C5 | C6 | C7 | C8 | C9 | C10 | C11 | C12 | C13 | C14 | C15 | C16 | C17 | C18 | C19,528.807,22.996,14.678,-2.362,18.7,14.2
16,Central and South America,Residential EUI (kWh/m2/year),cross_domain,RandomForestRegressor,"n_estimators=10, max_depth=10, min_samples_split=2, min_samples_leaf=3, max_features=sqrt, bootstrap=False, random_state=42, n_jobs=-1, criterion=absolute_error","hdd_total_year, cdd_total_year, GDP_per_capita, Urbanization_Rate_2022, latitude, longitude, Paris_Agreement, Subnational HDI, Educational index, Income index, 2m_temperature_2023_avg, 2m_dewpoint_temperature_2023_avg, total_precipitation_2023, population_density, pca_result, Cluster_1, Cluster_2, Cluster_3, Cluster_4, Cluster_5, Cluster_6, Cluster_7, Cluster_8, Cluster_9, Cluster_10, Cluster_11, Cluster_12, Cluster_13, Cluster_14, Cluster_15, Cluster_16, Cluster_17, Cluster_18, Cluster_19",HDD | CDD | GDP | URB | Lat | Long | Paris | HDI | EDU | Income | Temp | Dew | Precip | Pop_Dens | PCA | C1 | C2 | C3 | C4 | C5 | C6 | C7 | C8 | C9 | C10 | C11 | C12 | C13 | C14 | C15 | C16 | C17 | C18 | C19,186.012,13.639,10.622,-0.764,14.8,14.1
17,Central and South America,Non-residential EUI (kWh/m2/year),cross_domain,RandomForestRegressor,"n_estimators=10, max_depth=10, min_samples_split=2, min_samples_leaf=3, max_features=sqrt, bootstrap=False, random_state=42, n_jobs=-1, criterion=absolute_error","hdd_total_year, cdd_total_year, GDP_per_capita, Urbanization_Rate_2022, latitude, longitude, Paris_Agreement, Subnational HDI, Educational index, Income index, 2m_temperature_2023_avg, 2m_dewpoint_temperature_2023_avg, total_precipitation_2023, population_density, pca_result, Cluster_1, Cluster_2, Cluster_3, Cluster_4, Cluster_5, Cluster_6, Cluster_7, Cluster_8, Cluster_9, Cluster_10, Cluster_11, Cluster_12, Cluster_13, Cluster_14, Cluster_15, Cluster_16, Cluster_17, Cluster_18, Cluster_19",HDD | CDD | GDP | URB | Lat | Long | Paris | HDI | EDU | Income | Temp | Dew | Precip | Pop_Dens | PCA | C1 | C2 | C3 | C4 | C5 | C6 | C7 | C8 | C9 | C10 | C11 | C12 | C13 | C14 | C15 | C16 | C17 | C18 | C19,280.714,16.755,13.724,-5.527,13.3,12.9
18,Northern America,Residential EUI (kWh/m2/year),cross_domain,RandomForestRegressor,"n_estimators=10, max_depth=10, min_samples_split=2, min_samples_leaf=3, max_features=sqrt, bootstrap=False, random_state=42, n_jobs=-1, criterion=absolute_error","hdd_total_year, cdd_total_year, GDP_per_capita, Urbanization_Rate_2022, latitude, longitude, Paris_Agreement, Subnational HDI, Educational index, Income index, 2m_temperature_2023_avg, 2m_dewpoint_temperature_2023_avg, total_precipitation_2023, population_density, pca_result, Cluster_1, Cluster_2, Cluster_3, Cluster_4, Cluster_5, Cluster_6, Cluster_7, Cluster_8, Cluster_9, Cluster_10, Cluster_11, Cluster_12, Cluster_13, Cluster_14, Cluster_15, Cluster_16, Cluster_17, Cluster_18, Cluster_19",HDD | CDD | GDP | URB | Lat | Long | Paris | HDI | EDU | Income | Temp | Dew | Precip | Pop_Dens | PCA | C1 | C2 | C3 | C4 | C5 | C6 | C7 | C8 | C9 | C10 | C11 | C12 | C13 | C14 | C15 | C16 | C17 | C18 | C19,1286.947,35.874,33.567,0.153,22.1,19.8
19,Northern America,Non-residential EUI (kWh/m2/year),cross_domain,RandomForestRegressor,"n_estimators=10, max_depth=10, min_samples_split=2, min_samples_leaf=3, max_features=sqrt, bootstrap=False, random_state=42, n_jobs=-1, criterion=absolute_error","hdd_total_year, cdd_total_year, GDP_per_capita, Urbanization_Rate_2022, latitude, longitude, Paris_Agreement, Subnational HDI, Educational index, Income index, 2m_temperature_2023_avg, 2m_dewpoint_temperature_2023_avg, total_precipitation_2023, population_density, pca_result, Cluster_1, Cluster_2, Cluster_3, Cluster_4, Cluster_5, Cluster_6, Cluster_7, Cluster_8, Cluster_9, Cluster_10, Cluster_11, Cluster_12, Cluster_13, Cluster_14, Cluster_15, Cluster_16, Cluster_17, Cluster_18, Cluster_19",HDD | CDD | GDP | URB | Lat | Long | Paris | HDI | EDU | Income | Temp | Dew | Precip | Pop_Dens | PCA | C1 | C2 | C3 | C4 | C5 | C6 | C7 | C8 | C9 | C10 | C11 | C12 | C13 | C14 | C15 | C16 | C17 | C18 | C19,2754.372,52.482,48.646,-0.449,17.2,17.9
20,Asia & Oceania,Residential EUI (kWh/m2/year),all_domain,RandomForestRegressor,"n_estimators=10, max_depth=10, min_samples_split=2, min_samples_leaf=3, max_features=sqrt, bootstrap=False, random_state=42, n_jobs=-1, criterion=absolute_error","hdd_total_year, cdd_total_year, GDP_per_capita, Urbanization_Rate_2022, latitude, longitude, Paris_Agreement, Subnational HDI, Educational index, Income index, 2m_temperature_2023_avg, 2m_dewpoint_temperature_2023_avg, total_precipitation_2023, population_density, pca_result, Cluster_1, Cluster_2, Cluster_3, Cluster_4, Cluster_5, Cluster_6, Cluster_7, Cluster_8, Cluster_9, Cluster_10, Cluster_11, Cluster_12, Cluster_13, Cluster_14, Cluster_15, Cluster_16, Cluster_17, Cluster_18, Cluster_19",HDD | CDD | GDP | URB | Lat | Long | Paris | HDI | EDU | Income | Temp | Dew | Precip | Pop_Dens | PCA | C1 | C2 | C3 | C4 | C5 | C6 | C7 | C8 | C9 | C10 | C11 | C12 | C13 | C14 | C15 | C16 | C17 | C18 | C19,733.622,27.085,16.319,0.661,17.7,18.6
21,Asia & Oceania,Non-residential EUI (kWh/m2/year),all_domain,RandomForestRegressor,"n_estimators=10, max_depth=10, min_samples_split=2, min_samples_leaf=3, max_features=sqrt, bootstrap=False, random_state=42, n_jobs=-1, criterion=absolute_error","hdd_total_year, cdd_total_year, GDP_per_capita, Urbanization_Rate_2022, latitude, longitude, Paris_Agreement, Subnational HDI, Educational index, Income index, 2m_temperature_2023_avg, 2m_dewpoint_temperature_2023_avg, total_precipitation_2023, population_density, pca_result, Cluster_1, Cluster_2, Cluster_3, Cluster_4, Cluster_5, Cluster_6, Cluster_7, Cluster_8, Cluster_9, Cluster_10, Cluster_11, Cluster_12, Cluster_13, Cluster_14, Cluster_15, Cluster_16, Cluster_17, Cluster_18, Cluster_19",HDD | CDD | GDP | URB | Lat | Long | Paris | HDI | EDU | Income | Temp | Dew | Precip | Pop_Dens | PCA | C1 | C2 | C3 | C4 | C5 | C6 | C7 | C8 | C9 | C10 | C11 | C12 | C13 | C14 | C15 | C16 | C17 | C18 | C19,289.743,17.022,10.919,0.792,7.4,8.0
22,Europe,Residential EUI (kWh/m2/year),all_domain,RandomForestRegressor,"n_estimators=10, max_depth=10, min_samples_split=2, min_samples_leaf=3, max_features=sqrt, bootstrap=False, random_state=42, n_jobs=-1, criterion=absolute_error","hdd_total_year, cdd_total_year, GDP_per_capita, Urbanization_Rate_2022, latitude, longitude, Paris_Agreement, Subnational HDI, Educational index, Income index, 2m_temperature_2023_avg, 2m_dewpoint_temperature_2023_avg, total_precipitation_2023, population_density, pca_result, Cluster_1, Cluster_2, Cluster_3, Cluster_4, Cluster_5, Cluster_6, Cluster_7, Cluster_8, Cluster_9, Cluster_10, Cluster_11, Cluster_12, Cluster_13, Cluster_14, Cluster_15, Cluster_16, Cluster_17, Cluster_18, Cluster_19",HDD | CDD | GDP | URB | Lat | Long | Paris | HDI | EDU | Income | Temp | Dew | Precip | Pop_Dens | PCA | C1 | C2 | C3 | C4 | C5 | C6 | C7 | C8 | C9 | C10 | C11 | C12 | C13 | C14 | C15 | C16 | C17 | C18 | C19,2467.4,49.673,39.483,0.214,25.4,20.4
23,Europe,Non-residential EUI (kWh/m2/year),all_domain,RandomForestRegressor,"n_estimators=10, max_depth=10, min_samples_split=2, min_samples_leaf=3, max_features=sqrt, bootstrap=False, random_state=42, n_jobs=-1, criterion=absolute_error","hdd_total_year, cdd_total_year, GDP_per_capita, Urbanization_Rate_2022, latitude, longitude, Paris_Agreement, Subnational HDI, Educational index, Income index, 2m_temperature_2023_avg, 2m_dewpoint_temperature_2023_avg, total_precipitation_2023, population_density, pca_result, Cluster_1, Cluster_2, Cluster_3, Cluster_4, Cluster_5, Cluster_6, Cluster_7, Cluster_8, Cluster_9, Cluster_10, Cluster_11, Cluster_12, Cluster_13, Cluster_14, Cluster_15, Cluster_16, Cluster_17, Cluster_18, Cluster_19",HDD | CDD | GDP | URB | Lat | Long | Paris | HDI | EDU | Income | Temp | Dew | Precip | Pop_Dens | PCA | C1 | C2 | C3 | C4 | C5 | C6 | C7 | C8 | C9 | C10 | C11 | C12 | C13 | C14 | C15 | C16 | C17 | C18 | C19,4444.26,66.665,44.55,-0.023,21.4,18.9
24,Africa,Residential EUI (kWh/m2/year),all_domain,RandomForestRegressor,"n_estimators=10, max_depth=10, min_samples_split=2, min_samples_leaf=3, max_features=sqrt, bootstrap=False, random_state=42, n_jobs=-1, criterion=absolute_error","hdd_total_year, cdd_total_year, GDP_per_capita, Urbanization_Rate_2022, latitude, longitude, Paris_Agreement, Subnational HDI, Educational index, Income index, 2m_temperature_2023_avg, 2m_dewpoint_temperature_2023_avg, total_precipitation_2023, population_density, pca_result, Cluster_1, Cluster_2, Cluster_3, Cluster_4, Cluster_5, Cluster_6, Cluster_7, Cluster_8, Cluster_9, Cluster_10, Cluster_11, Cluster_12, Cluster_13, Cluster_14, Cluster_15, Cluster_16, Cluster_17, Cluster_18, Cluster_19",HDD | CDD | GDP | URB | Lat | Long | Paris | HDI | EDU | Income | Temp | Dew | Precip | Pop_Dens | PCA | C1 | C2 | C3 | C4 | C5 | C6 | C7 | C8 | C9 | C10 | C11 | C12 | C13 | C14 | C15 | C16 | C17 | C18 | C19,142.171,11.924,7.216,0.138,8.9,9.7
25,Africa,Non-residential EUI (kWh/m2/year),all_domain,RandomForestRegressor,"n_estimators=10, max_depth=10, min_samples_split=2, min_samples_leaf=3, max_features=sqrt, bootstrap=False, random_state=42, n_jobs=-1, criterion=absolute_error","hdd_total_year, cdd_total_year, GDP_per_capita, Urbanization_Rate_2022, latitude, longitude, Paris_Agreement, Subnational HDI, Educational index, Income index, 2m_temperature_2023_avg, 2m_dewpoint_temperature_2023_avg, total_precipitation_2023, population_density, pca_result, Cluster_1, Cluster_2, Cluster_3, Cluster_4, Cluster_5, Cluster_6, Cluster_7, Cluster_8, Cluster_9, Cluster_10, Cluster_11, Cluster_12, Cluster_13, Cluster_14, Cluster_15, Cluster_16, Cluster_17, Cluster_18, Cluster_19",HDD | CDD | GDP | URB | Lat | Long | Paris | HDI | EDU | Income | Temp | Dew | Precip | Pop_Dens | PCA | C1 | C2 | C3 | C4 | C5 | C6 | C7 | C8 | C9 | C10 | C11 | C12 | C13 | C14 | C15 | C16 | C17 | C18 | C19,173.974,13.19,5.316,-0.106,8.7,5.1
26,Central and South America,Residential EUI (kWh/m2/year),all_domain,RandomForestRegressor,"n_estimators=10, max_depth=10, min_samples_split=2, min_samples_leaf=3, max_features=sqrt, bootstrap=False, random_state=42, n_jobs=-1, criterion=absolute_error","hdd_total_year, cdd_total_year, GDP_per_capita, Urbanization_Rate_2022, latitude, longitude, Paris_Agreement, Subnational HDI, Educational index, Income index, 2m_temperature_2023_avg, 2m_dewpoint_temperature_2023_avg, total_precipitation_2023, population_density, pca_result, Cluster_1, Cluster_2, Cluster_3, Cluster_4, Cluster_5, Cluster_6, Cluster_7, Cluster_8, Cluster_9, Cluster_10, Cluster_11, Cluster_12, Cluster_13, Cluster_14, Cluster_15, Cluster_16, Cluster_17, Cluster_18, Cluster_19",HDD | CDD | GDP | URB | Lat | Long | Paris | HDI | EDU | Income | Temp | Dew | Precip | Pop_Dens | PCA | C1 | C2 | C3 | C4 | C5 | C6 | C7 | C8 | C9 | C10 | C11 | C12 | C13 | C14 | C15 | C16 | C17 | C18 | C19,67.29,8.203,4.992,0.362,6.7,6.6
27,Central and South America,Non-residential EUI (kWh/m2/year),all_domain,RandomForestRegressor,"n_estimators=10, max_depth=10, min_samples_split=2, min_samples_leaf=3, max_features=sqrt, bootstrap=False, random_state=42, n_jobs=-1, criterion=absolute_error","hdd_total_year, cdd_total_year, GDP_per_capita, Urbanization_Rate_2022, latitude, longitude, Paris_Agreement, Subnational HDI, Educational index, Income index, 2m_temperature_2023_avg, 2m_dewpoint_temperature_2023_avg, total_precipitation_2023, population_density, pca_result, Cluster_1, Cluster_2, Cluster_3, Cluster_4, Cluster_5, Cluster_6, Cluster_7, Cluster_8, Cluster_9, Cluster_10, Cluster_11, Cluster_12, Cluster_13, Cluster_14, Cluster_15, Cluster_16, Cluster_17, Cluster_18, Cluster_19",HDD | CDD | GDP | URB | Lat | Long | Paris | HDI | EDU | Income | Temp | Dew | Precip | Pop_Dens | PCA | C1 | C2 | C3 | C4 | C5 | C6 | C7 | C8 | C9 | C10 | C11 | C12 | C13 | C14 | C15 | C16 | C17 | C18 | C19,59.045,7.684,4.739,-0.373,4.6,4.5
28,Northern America,Residential EUI (kWh/m2/year),all_domain,RandomForestRegressor,"n_estimators=10, max_depth=10, min_samples_split=2, min_samples_leaf=3, max_features=sqrt, bootstrap=False, random_state=42, n_jobs=-1, criterion=absolute_error","hdd_total_year, cdd_total_year, GDP_per_capita, Urbanization_Rate_2022, latitude, longitude, Paris_Agreement, Subnational HDI, Educational index, Income index, 2m_temperature_2023_avg, 2m_dewpoint_temperature_2023_avg, total_precipitation_2023, population_density, pca_result, Cluster_1, Cluster_2, Cluster_3, Cluster_4, Cluster_5, Cluster_6, Cluster_7, Cluster_8, Cluster_9, Cluster_10, Cluster_11, Cluster_12, Cluster_13, Cluster_14, Cluster_15, Cluster_16, Cluster_17, Cluster_18, Cluster_19",HDD | CDD | GDP | URB | Lat | Long | Paris | HDI | EDU | Income | Temp | Dew | Precip | Pop_Dens | PCA | C1 | C2 | C3 | C4 | C5 | C6 | C7 | C8 | C9 | C10 | C11 | C12 | C13 | C14 | C15 | C16 | C17 | C18 | C19,1690.365,41.114,38.691,-0.112,24.2,22.9
29,Northern America,Non-residential EUI (kWh/m2/year),all_domain,RandomForestRegressor,"n_estimators=10, max_depth=10, min_samples_split=2, min_samples_leaf=3, max_features=sqrt, bootstrap=False, random_state=42, n_jobs=-1, criterion=absolute_error","hdd_total_year, cdd_total_year, GDP_per_capita, Urbanization_Rate_2022, latitude, longitude, Paris_Agreement, Subnational HDI, Educational index, Income index, 2m_temperature_2023_avg, 2m_dewpoint_temperature_2023_avg, total_precipitation_2023, population_density, pca_result, Cluster_1, Cluster_2, Cluster_3, Cluster_4, Cluster_5, Cluster_6, Cluster_7, Cluster_8, Cluster_9, Cluster_10, Cluster_11, Cluster_12, Cluster_13, Cluster_14, Cluster_15, Cluster_16, Cluster_17, Cluster_18, Cluster_19",HDD | CDD | GDP | URB | Lat | Long | Paris | HDI | EDU | Income | Temp | Dew | Precip | Pop_Dens | PCA | C1 | C2 | C3 | C4 | C5 | C6 | C7 | C8 | C9 | C10 | C11 | C12 | C13 | C14 | C15 | C16 | C17 | C18 | C19,4684.115,68.441,62.76,-1.464,22.1,23.1
